epoch,train_loss,train_mse,train_mae,val_loss,val_mse,val_mae
1,1.5701822291907845,0.9069449538160641,0.6632372739733573,1.568686758968192,0.8898151669423905,0.6788715914661336
